Borough,Major Class Description,201910,201911,201912,202001,202002,202003,202004,202005,202006,202007,202008,202009,202010,202011,202012,202101,202102,202103,202104,202105,202106,202107,202108,202109,Total
Barking and Dagenham,Burglary,35.0,35.0,27.0,37.0,21.0,31.0,29.0,17.0,20.0,31.0,26.0,32.0,23.0,20.0,27.0,21.0,21.0,16.0,17.0,33.0,24.0,22.0,30.0,29.0,624.0
Barking and Dagenham,Criminal Damage,37.0,35.0,32.0,30.0,32.0,34.0,16.0,22.0,39.0,29.0,32.0,42.0,44.0,27.0,24.0,34.0,22.0,23.0,30.0,45.0,51.0,37.0,40.0,33.0,790.0
Barking and Dagenham,Drugs,23.0,29.0,31.0,26.0,32.0,28.0,37.0,53.0,47.0,28.0,27.0,31.0,34.0,42.0,18.0,18.0,28.0,36.0,28.0,28.0,38.0,38.0,32.0,44.0,776.0
Barking and Dagenham,Fraud or Forgery,0.0,1.0,0.0,0.0,0.0,0.0,1.0,1.0,0.0,0.0,1.0,0.0,0.0,1.0,0.0,1.0,2.0,0.0,2.0,0.0,0.0,1.0,1.0,0.0,12.0
Barking and Dagenham,Other Notifiable Offences,5.0,6.0,7.0,5.0,5.0,3.0,6.0,2.0,11.0,12.0,3.0,12.0,5.0,12.0,4.0,1.0,4.0,7.0,7.0,11.0,5.0,4.0,1.0,6.0,144.0
Barking and Dagenham,Robbery,50.0,28.0,29.0,37.0,26.0,39.0,18.0,16.0,15.0,25.0,19.0,27.0,42.0,23.0,19.0,14.0,19.0,30.0,21.0,20.0,21.0,18.0,15.0,25.0,596.0
Barking and Dagenham,Sexual Offences,18.0,11.0,10.0,13.0,8.0,10.0,2.0,7.0,4.0,10.0,7.0,9.0,24.0,11.0,1.0,4.0,2.0,11.0,7.0,10.0,12.0,6.0,5.0,16.0,218.0
Barking and Dagenham,Theft and Handling,268.0,263.0,230.0,259.0,251.0,284.0,138.0,158.0,177.0,205.0,212.0,237.0,202.0,233.0,183.0,199.0,162.0,189.0,216.0,209.0,217.0,201.0,214.0,210.0,5117.0
Barking and Dagenham,Violence Against the Person,166.0,148.0,143.0,113.0,117.0,144.0,79.0,98.0,113.0,113.0,109.0,120.0,131.0,150.0,112.0,91.0,106.0,106.0,111.0,147.0,164.0,187.0,113.0,142.0,3023.0
Barnet,Burglary,68.0,57.0,70.0,69.0,55.0,66.0,48.0,39.0,47.0,50.0,41.0,57.0,68.0,55.0,40.0,53.0,38.0,57.0,55.0,31.0,57.0,45.0,47.0,41.0,1254.0
Barnet,Criminal Damage,57.0,63.0,68.0,63.0,59.0,64.0,45.0,38.0,57.0,40.0,67.0,49.0,61.0,38.0,44.0,36.0,37.0,57.0,46.0,56.0,58.0,58.0,39.0,48.0,1248.0
Barnet,Drugs,15.0,19.0,17.0,30.0,33.0,29.0,27.0,36.0,24.0,33.0,34.0,14.0,29.0,36.0,32.0,9.0,24.0,21.0,30.0,28.0,26.0,20.0,25.0,25.0,616.0
Barnet,Fraud or Forgery,1.0,1.0,1.0,3.0,0.0,2.0,1.0,2.0,3.0,0.0,0.0,1.0,1.0,1.0,1.0,1.0,1.0,1.0,1.0,0.0,1.0,3.0,1.0,0.0,27.0
Barnet,Other Notifiable Offences,12.0,10.0,6.0,6.0,9.0,6.0,3.0,9.0,11.0,12.0,2.0,10.0,5.0,9.0,8.0,8.0,9.0,18.0,33.0,21.0,22.0,14.0,13.0,16.0,272.0
Barnet,Robbery,61.0,89.0,64.0,57.0,79.0,47.0,10.0,20.0,30.0,31.0,37.0,21.0,25.0,30.0,27.0,15.0,17.0,24.0,26.0,19.0,23.0,24.0,24.0,39.0,839.0
Barnet,Sexual Offences,14.0,13.0,12.0,6.0,10.0,9.0,7.0,8.0,9.0,13.0,11.0,10.0,15.0,12.0,17.0,6.0,8.0,17.0,22.0,26.0,26.0,10.0,8.0,20.0,309.0
Barnet,Theft and Handling,513.0,522.0,527.0,526.0,488.0,398.0,192.0,245.0,350.0,422.0,393.0,415.0,404.0,371.0,372.0,224.0,242.0,272.0,316.0,349.0,386.0,351.0,329.0,338.0,8945.0
Barnet,Violence Against the Person,207.0,258.0,225.0,263.0,231.0,205.0,133.0,139.0,173.0,191.0,181.0,207.0,188.0,212.0,197.0,124.0,139.0,213.0,192.0,250.0,237.0,193.0,181.0,214.0,4753.0
Bexley,Burglary,44.0,23.0,15.0,39.0,37.0,21.0,17.0,18.0,17.0,11.0,18.0,19.0,21.0,23.0,11.0,13.0,22.0,16.0,12.0,16.0,22.0,23.0,16.0,32.0,506.0
Bexley,Criminal Damage,50.0,53.0,42.0,52.0,42.0,32.0,22.0,32.0,22.0,35.0,43.0,40.0,45.0,30.0,28.0,23.0,30.0,37.0,37.0,46.0,32.0,42.0,50.0,25.0,890.0
Bexley,Drugs,17.0,12.0,12.0,16.0,13.0,15.0,14.0,21.0,14.0,23.0,13.0,4.0,23.0,23.0,21.0,15.0,24.0,22.0,16.0,23.0,23.0,25.0,23.0,17.0,429.0
Bexley,Fraud or Forgery,1.0,1.0,2.0,1.0,0.0,0.0,0.0,0.0,1.0,0.0,1.0,0.0,1.0,1.0,0.0,0.0,1.0,2.0,1.0,0.0,1.0,0.0,0.0,2.0,16.0
Bexley,Other Notifiable Offences,6.0,9.0,10.0,4.0,3.0,4.0,6.0,1.0,5.0,8.0,9.0,4.0,4.0,6.0,4.0,8.0,6.0,5.0,7.0,2.0,8.0,4.0,7.0,2.0,132.0
Bexley,Robbery,16.0,12.0,23.0,32.0,20.0,15.0,5.0,1.0,9.0,7.0,9.0,11.0,5.0,8.0,7.0,8.0,7.0,8.0,7.0,6.0,2.0,9.0,9.0,9.0,245.0
Bexley,Sexual Offences,5.0,8.0,8.0,8.0,6.0,3.0,2.0,3.0,0.0,6.0,6.0,3.0,7.0,6.0,5.0,1.0,6.0,7.0,3.0,8.0,11.0,9.0,3.0,14.0,138.0
Bexley,Theft and Handling,233.0,248.0,181.0,265.0,273.0,180.0,82.0,145.0,146.0,134.0,192.0,162.0,191.0,147.0,134.0,113.0,114.0,138.0,111.0,120.0,145.0,138.0,185.0,171.0,3948.0
Bexley,Violence Against the Person,149.0,160.0,153.0,168.0,130.0,135.0,66.0,89.0,96.0,119.0,131.0,121.0,124.0,94.0,101.0,70.0,62.0,117.0,111.0,119.0,102.0,108.0,89.0,122.0,2736.0
Brent,Burglary,48.0,55.0,57.0,64.0,53.0,54.0,40.0,38.0,39.0,32.0,54.0,53.0,48.0,32.0,28.0,33.0,36.0,40.0,24.0,34.0,35.0,50.0,41.0,42.0,1030.0
Brent,Criminal Damage,68.0,66.0,69.0,50.0,67.0,64.0,46.0,46.0,55.0,67.0,57.0,69.0,71.0,59.0,54.0,55.0,61.0,43.0,57.0,65.0,57.0,67.0,67.0,61.0,1441.0
Brent,Drugs,34.0,48.0,33.0,40.0,26.0,48.0,56.0,69.0,45.0,62.0,50.0,54.0,49.0,44.0,40.0,51.0,42.0,38.0,56.0,52.0,50.0,47.0,56.0,36.0,1126.0
Brent,Fraud or Forgery,0.0,2.0,0.0,2.0,0.0,0.0,0.0,1.0,0.0,1.0,0.0,2.0,0.0,2.0,0.0,0.0,0.0,4.0,0.0,2.0,0.0,1.0,0.0,3.0,20.0
Brent,Other Notifiable Offences,18.0,10.0,11.0,18.0,13.0,10.0,11.0,18.0,11.0,9.0,11.0,3.0,13.0,10.0,6.0,4.0,4.0,5.0,12.0,7.0,7.0,22.0,9.0,14.0,256.0
Brent,Robbery,50.0,67.0,61.0,42.0,41.0,39.0,21.0,23.0,23.0,36.0,24.0,36.0,40.0,37.0,41.0,30.0,22.0,29.0,42.0,25.0,24.0,32.0,25.0,13.0,823.0
Brent,Sexual Offences,13.0,17.0,17.0,12.0,12.0,14.0,4.0,6.0,7.0,18.0,8.0,9.0,10.0,11.0,13.0,8.0,18.0,16.0,8.0,13.0,28.0,27.0,14.0,17.0,320.0
Brent,Theft and Handling,406.0,399.0,384.0,451.0,421.0,337.0,194.0,258.0,278.0,300.0,309.0,345.0,344.0,274.0,314.0,259.0,257.0,289.0,266.0,324.0,298.0,367.0,343.0,350.0,7767.0
Brent,Violence Against the Person,280.0,290.0,264.0,261.0,243.0,254.0,212.0,167.0,225.0,242.0,255.0,264.0,288.0,245.0,250.0,164.0,170.0,248.0,202.0,306.0,285.0,305.0,260.0,269.0,5949.0
Bromley,Burglary,56.0,48.0,51.0,57.0,62.0,44.0,48.0,32.0,25.0,29.0,22.0,19.0,35.0,25.0,36.0,30.0,34.0,48.0,37.0,41.0,47.0,51.0,31.0,39.0,947.0
Bromley,Criminal Damage,61.0,50.0,45.0,48.0,39.0,55.0,45.0,43.0,34.0,33.0,46.0,44.0,52.0,40.0,52.0,35.0,29.0,46.0,51.0,57.0,52.0,37.0,38.0,40.0,1072.0
Bromley,Drugs,31.0,23.0,33.0,41.0,29.0,26.0,34.0,32.0,21.0,21.0,15.0,17.0,12.0,21.0,27.0,12.0,20.0,34.0,24.0,11.0,17.0,35.0,23.0,26.0,585.0
Bromley,Fraud or Forgery,2.0,2.0,1.0,6.0,2.0,1.0,1.0,0.0,0.0,0.0,1.0,0.0,1.0,0.0,1.0,0.0,0.0,0.0,3.0,2.0,1.0,2.0,1.0,0.0,27.0
Bromley,Other Notifiable Offences,3.0,7.0,4.0,9.0,8.0,5.0,1.0,4.0,5.0,8.0,11.0,11.0,9.0,11.0,4.0,7.0,8.0,4.0,6.0,12.0,11.0,6.0,2.0,14.0,170.0
Bromley,Robbery,18.0,36.0,23.0,23.0,29.0,19.0,10.0,22.0,11.0,16.0,23.0,18.0,19.0,26.0,16.0,3.0,9.0,8.0,19.0,10.0,16.0,8.0,11.0,26.0,419.0
Bromley,Sexual Offences,11.0,12.0,23.0,8.0,12.0,15.0,6.0,12.0,11.0,13.0,4.0,7.0,12.0,10.0,5.0,3.0,10.0,6.0,15.0,15.0,15.0,9.0,12.0,11.0,257.0
Bromley,Theft and Handling,432.0,416.0,401.0,446.0,408.0,298.0,140.0,169.0,207.0,275.0,265.0,312.0,405.0,287.0,252.0,215.0,286.0,244.0,297.0,351.0,339.0,330.0,383.0,360.0,7518.0
Bromley,Violence Against the Person,197.0,226.0,190.0,188.0,165.0,169.0,106.0,128.0,142.0,161.0,188.0,175.0,185.0,172.0,155.0,99.0,101.0,140.0,194.0,175.0,183.0,224.0,176.0,196.0,4035.0
Camden,Burglary,155.0,120.0,102.0,137.0,104.0,106.0,60.0,54.0,65.0,72.0,83.0,81.0,105.0,74.0,56.0,63.0,71.0,51.0,62.0,60.0,68.0,54.0,66.0,52.0,1921.0
Camden,Criminal Damage,55.0,60.0,146.0,63.0,56.0,64.0,42.0,50.0,51.0,53.0,53.0,63.0,59.0,64.0,50.0,49.0,56.0,59.0,63.0,67.0,86.0,82.0,66.0,54.0,1511.0
Camden,Drugs,41.0,55.0,69.0,79.0,57.0,48.0,43.0,65.0,24.0,44.0,52.0,34.0,44.0,40.0,36.0,36.0,43.0,23.0,37.0,18.0,26.0,26.0,24.0,22.0,986.0
Camden,Fraud or Forgery,4.0,3.0,1.0,3.0,3.0,0.0,0.0,1.0,1.0,0.0,1.0,1.0,2.0,0.0,0.0,0.0,2.0,0.0,0.0,1.0,1.0,1.0,4.0,1.0,30.0
Camden,Other Notifiable Offences,14.0,13.0,12.0,9.0,10.0,6.0,4.0,9.0,7.0,6.0,8.0,12.0,11.0,11.0,9.0,11.0,5.0,20.0,4.0,15.0,12.0,17.0,9.0,14.0,248.0
Camden,Robbery,109.0,70.0,96.0,57.0,104.0,67.0,23.0,21.0,27.0,51.0,52.0,55.0,43.0,40.0,36.0,26.0,23.0,34.0,43.0,57.0,38.0,45.0,56.0,44.0,1217.0
Camden,Sexual Offences,18.0,36.0,27.0,18.0,23.0,23.0,7.0,11.0,16.0,8.0,16.0,21.0,12.0,19.0,14.0,9.0,14.0,18.0,15.0,16.0,23.0,29.0,26.0,21.0,440.0
Camden,Theft and Handling,1271.0,1212.0,1037.0,1076.0,1246.0,751.0,224.0,255.0,288.0,477.0,598.0,663.0,706.0,456.0,457.0,265.0,268.0,373.0,415.0,551.0,581.0,601.0,661.0,633.0,15065.0
Camden,Violence Against the Person,330.0,309.0,311.0,307.0,313.0,309.0,146.0,183.0,208.0,252.0,290.0,235.0,293.0,216.0,185.0,156.0,160.0,213.0,216.0,237.0,309.0,304.0,290.0,305.0,6077.0
Croydon,Burglary,59.0,57.0,49.0,82.0,44.0,70.0,50.0,48.0,47.0,57.0,57.0,44.0,64.0,50.0,41.0,38.0,46.0,43.0,44.0,56.0,59.0,58.0,58.0,52.0,1273.0
Croydon,Criminal Damage,48.0,61.0,61.0,66.0,62.0,62.0,50.0,42.0,56.0,66.0,72.0,80.0,73.0,44.0,67.0,66.0,56.0,76.0,57.0,60.0,69.0,76.0,75.0,63.0,1508.0
Croydon,Drugs,62.0,60.0,47.0,66.0,70.0,67.0,60.0,58.0,47.0,47.0,50.0,51.0,40.0,72.0,34.0,38.0,48.0,49.0,52.0,41.0,34.0,32.0,51.0,34.0,1210.0
Croydon,Fraud or Forgery,1.0,1.0,1.0,5.0,5.0,2.0,0.0,1.0,0.0,1.0,2.0,2.0,0.0,1.0,2.0,2.0,0.0,3.0,2.0,1.0,1.0,1.0,0.0,3.0,37.0
Croydon,Other Notifiable Offences,7.0,9.0,11.0,7.0,22.0,13.0,11.0,7.0,11.0,14.0,18.0,14.0,9.0,12.0,9.0,11.0,7.0,16.0,14.0,14.0,13.0,7.0,12.0,10.0,278.0
Croydon,Robbery,35.0,37.0,41.0,56.0,32.0,48.0,16.0,22.0,26.0,31.0,34.0,25.0,38.0,31.0,37.0,37.0,19.0,27.0,22.0,25.0,33.0,18.0,31.0,36.0,757.0
Croydon,Sexual Offences,23.0,25.0,19.0,24.0,16.0,11.0,11.0,8.0,13.0,26.0,18.0,15.0,18.0,33.0,7.0,17.0,10.0,27.0,11.0,16.0,16.0,18.0,17.0,16.0,415.0
Croydon,Theft and Handling,455.0,450.0,363.0,388.0,441.0,360.0,195.0,198.0,251.0,328.0,292.0,303.0,374.0,285.0,290.0,232.0,265.0,236.0,299.0,287.0,348.0,385.0,345.0,319.0,7689.0
Croydon,Violence Against the Person,301.0,286.0,233.0,248.0,267.0,277.0,165.0,170.0,209.0,256.0,259.0,254.0,259.0,209.0,181.0,177.0,156.0,236.0,247.0,269.0,303.0,236.0,245.0,231.0,5674.0
Ealing,Burglary,60.0,48.0,79.0,50.0,49.0,41.0,45.0,33.0,28.0,41.0,50.0,53.0,46.0,44.0,34.0,73.0,80.0,63.0,47.0,41.0,42.0,37.0,42.0,49.0,1175.0
Ealing,Criminal Damage,53.0,65.0,58.0,76.0,56.0,75.0,46.0,38.0,57.0,60.0,60.0,57.0,64.0,30.0,53.0,34.0,56.0,62.0,63.0,69.0,77.0,54.0,41.0,66.0,1370.0
Ealing,Drugs,37.0,31.0,22.0,44.0,43.0,35.0,59.0,58.0,49.0,46.0,29.0,35.0,32.0,48.0,32.0,40.0,26.0,40.0,28.0,16.0,36.0,21.0,32.0,31.0,870.0
Ealing,Fraud or Forgery,2.0,2.0,3.0,0.0,2.0,2.0,1.0,1.0,0.0,1.0,2.0,1.0,1.0,1.0,1.0,2.0,2.0,1.0,2.0,3.0,2.0,2.0,0.0,1.0,35.0
Ealing,Other Notifiable Offences,7.0,17.0,9.0,20.0,4.0,12.0,4.0,12.0,7.0,11.0,13.0,12.0,3.0,13.0,8.0,12.0,7.0,12.0,9.0,18.0,16.0,13.0,8.0,11.0,258.0
Ealing,Robbery,34.0,50.0,53.0,35.0,37.0,22.0,14.0,17.0,22.0,36.0,34.0,31.0,44.0,36.0,26.0,17.0,14.0,15.0,17.0,27.0,28.0,18.0,24.0,26.0,677.0
Ealing,Sexual Offences,7.0,23.0,9.0,16.0,22.0,23.0,9.0,6.0,14.0,14.0,9.0,17.0,10.0,22.0,19.0,13.0,5.0,15.0,8.0,21.0,17.0,22.0,18.0,18.0,357.0
Ealing,Theft and Handling,477.0,480.0,433.0,436.0,404.0,321.0,183.0,203.0,256.0,294.0,371.0,477.0,454.0,321.0,272.0,244.0,231.0,295.0,316.0,321.0,383.0,349.0,331.0,374.0,8226.0
Ealing,Violence Against the Person,242.0,312.0,262.0,270.0,259.0,253.0,176.0,188.0,217.0,264.0,254.0,299.0,265.0,226.0,210.0,156.0,152.0,196.0,242.0,263.0,311.0,309.0,242.0,274.0,5842.0
Enfield,Burglary,54.0,55.0,60.0,67.0,48.0,74.0,45.0,61.0,42.0,49.0,28.0,26.0,31.0,44.0,43.0,54.0,47.0,53.0,35.0,54.0,60.0,48.0,37.0,37.0,1152.0
Enfield,Criminal Damage,49.0,73.0,54.0,39.0,42.0,42.0,23.0,39.0,58.0,53.0,47.0,35.0,51.0,45.0,49.0,39.0,45.0,36.0,50.0,67.0,55.0,50.0,39.0,74.0,1154.0
Enfield,Drugs,15.0,9.0,25.0,22.0,22.0,19.0,35.0,39.0,23.0,17.0,17.0,24.0,21.0,20.0,7.0,17.0,7.0,17.0,20.0,23.0,27.0,19.0,21.0,13.0,479.0
Enfield,Fraud or Forgery,3.0,0.0,0.0,3.0,0.0,0.0,1.0,2.0,1.0,1.0,0.0,0.0,0.0,0.0,1.0,1.0,1.0,2.0,0.0,0.0,1.0,0.0,0.0,1.0,18.0
Enfield,Other Notifiable Offences,13.0,12.0,8.0,9.0,11.0,9.0,11.0,8.0,6.0,8.0,7.0,13.0,12.0,9.0,5.0,6.0,5.0,14.0,9.0,6.0,15.0,12.0,5.0,13.0,226.0
Enfield,Robbery,65.0,79.0,87.0,69.0,53.0,42.0,10.0,17.0,29.0,34.0,23.0,37.0,32.0,44.0,25.0,30.0,12.0,35.0,42.0,29.0,39.0,29.0,40.0,41.0,943.0
Enfield,Sexual Offences,17.0,18.0,9.0,8.0,10.0,12.0,6.0,8.0,10.0,10.0,8.0,13.0,22.0,11.0,18.0,4.0,14.0,24.0,19.0,24.0,24.0,17.0,15.0,23.0,344.0
Enfield,Theft and Handling,508.0,476.0,405.0,424.0,375.0,318.0,191.0,218.0,262.0,328.0,333.0,429.0,388.0,346.0,301.0,238.0,256.0,314.0,303.0,336.0,361.0,293.0,368.0,309.0,8080.0
Enfield,Violence Against the Person,200.0,246.0,202.0,198.0,172.0,192.0,135.0,121.0,170.0,211.0,189.0,184.0,239.0,186.0,169.0,119.0,110.0,204.0,191.0,242.0,262.0,214.0,180.0,211.0,4547.0
Greenwich,Burglary,64.0,47.0,44.0,56.0,58.0,50.0,29.0,32.0,34.0,39.0,30.0,29.0,30.0,43.0,31.0,28.0,23.0,40.0,45.0,38.0,28.0,39.0,32.0,34.0,923.0
Greenwich,Criminal Damage,76.0,57.0,54.0,79.0,55.0,40.0,38.0,47.0,53.0,39.0,47.0,57.0,48.0,35.0,39.0,30.0,36.0,43.0,58.0,75.0,56.0,56.0,53.0,61.0,1232.0
Greenwich,Drugs,54.0,41.0,33.0,41.0,47.0,30.0,36.0,55.0,43.0,41.0,28.0,19.0,28.0,34.0,33.0,25.0,24.0,33.0,43.0,34.0,32.0,26.0,33.0,20.0,833.0
Greenwich,Fraud or Forgery,0.0,1.0,0.0,8.0,2.0,2.0,2.0,2.0,4.0,2.0,1.0,1.0,1.0,0.0,1.0,2.0,1.0,5.0,2.0,4.0,1.0,2.0,1.0,3.0,48.0
Greenwich,Other Notifiable Offences,10.0,16.0,16.0,13.0,18.0,7.0,7.0,12.0,15.0,10.0,7.0,8.0,20.0,14.0,6.0,7.0,13.0,12.0,9.0,8.0,18.0,15.0,8.0,13.0,282.0
Greenwich,Robbery,44.0,48.0,33.0,37.0,31.0,36.0,27.0,14.0,23.0,29.0,34.0,31.0,21.0,36.0,22.0,9.0,22.0,23.0,17.0,24.0,16.0,14.0,19.0,18.0,628.0
Greenwich,Sexual Offences,13.0,23.0,11.0,9.0,8.0,20.0,5.0,10.0,10.0,7.0,13.0,7.0,10.0,13.0,1.0,4.0,10.0,13.0,12.0,22.0,19.0,33.0,14.0,22.0,309.0
Greenwich,Theft and Handling,402.0,477.0,352.0,389.0,395.0,268.0,158.0,179.0,267.0,276.0,246.0,316.0,312.0,278.0,244.0,193.0,212.0,240.0,241.0,290.0,295.0,269.0,359.0,332.0,6990.0
Greenwich,Violence Against the Person,263.0,233.0,236.0,253.0,231.0,186.0,121.0,129.0,161.0,226.0,248.0,197.0,260.0,214.0,171.0,119.0,151.0,194.0,162.0,237.0,246.0,245.0,249.0,242.0,4974.0
Hackney,Burglary,75.0,62.0,75.0,67.0,57.0,64.0,49.0,51.0,51.0,53.0,71.0,74.0,67.0,51.0,40.0,62.0,40.0,42.0,60.0,50.0,51.0,57.0,55.0,67.0,1391.0
Hackney,Criminal Damage,54.0,53.0,44.0,59.0,44.0,42.0,47.0,49.0,46.0,34.0,56.0,57.0,41.0,61.0,56.0,40.0,62.0,55.0,40.0,53.0,58.0,40.0,57.0,51.0,1199.0
Hackney,Drugs,18.0,34.0,47.0,41.0,14.0,21.0,15.0,26.0,21.0,25.0,24.0,19.0,19.0,29.0,17.0,21.0,24.0,29.0,28.0,23.0,16.0,26.0,23.0,17.0,577.0
Hackney,Fraud or Forgery,1.0,1.0,0.0,1.0,2.0,0.0,1.0,0.0,1.0,0.0,1.0,0.0,2.0,1.0,1.0,2.0,0.0,1.0,3.0,2.0,1.0,0.0,0.0,0.0,21.0
Hackney,Other Notifiable Offences,7.0,18.0,7.0,7.0,7.0,6.0,5.0,7.0,6.0,14.0,12.0,2.0,9.0,6.0,3.0,5.0,8.0,4.0,2.0,4.0,10.0,10.0,4.0,8.0,171.0
Hackney,Robbery,85.0,76.0,77.0,71.0,79.0,66.0,18.0,28.0,31.0,44.0,58.0,71.0,59.0,66.0,50.0,19.0,27.0,30.0,40.0,40.0,44.0,56.0,56.0,60.0,1251.0
Hackney,Sexual Offences,12.0,25.0,21.0,18.0,15.0,19.0,7.0,13.0,17.0,21.0,15.0,16.0,14.0,24.0,9.0,14.0,10.0,15.0,15.0,14.0,28.0,28.0,21.0,32.0,423.0
Hackney,Theft and Handling,577.0,534.0,528.0,509.0,522.0,381.0,161.0,173.0,252.0,362.0,521.0,548.0,452.0,345.0,311.0,243.0,204.0,250.0,263.0,317.0,329.0,401.0,470.0,521.0,9174.0
Hackney,Violence Against the Person,242.0,234.0,234.0,240.0,248.0,208.0,131.0,190.0,189.0,235.0,261.0,296.0,268.0,212.0,193.0,154.0,119.0,181.0,222.0,277.0,239.0,284.0,243.0,263.0,5363.0
Hammersmith and Fulham,Burglary,76.0,54.0,48.0,54.0,60.0,46.0,34.0,25.0,26.0,33.0,37.0,35.0,50.0,38.0,36.0,34.0,30.0,42.0,34.0,24.0,34.0,28.0,23.0,30.0,931.0
Hammersmith and Fulham,Criminal Damage,39.0,47.0,44.0,46.0,31.0,29.0,17.0,21.0,34.0,36.0,34.0,36.0,34.0,32.0,31.0,31.0,30.0,31.0,36.0,39.0,55.0,61.0,33.0,58.0,885.0
Hammersmith and Fulham,Drugs,19.0,22.0,10.0,22.0,21.0,27.0,36.0,27.0,33.0,13.0,17.0,10.0,24.0,21.0,22.0,21.0,30.0,23.0,26.0,17.0,14.0,20.0,17.0,23.0,515.0
Hammersmith and Fulham,Fraud or Forgery,2.0,1.0,1.0,1.0,2.0,0.0,0.0,1.0,2.0,1.0,2.0,2.0,0.0,0.0,0.0,0.0,4.0,3.0,0.0,0.0,2.0,0.0,1.0,1.0,26.0
Hammersmith and Fulham,Other Notifiable Offences,14.0,13.0,10.0,11.0,12.0,6.0,4.0,2.0,3.0,11.0,9.0,8.0,14.0,16.0,11.0,6.0,3.0,8.0,4.0,7.0,12.0,11.0,14.0,12.0,221.0
Hammersmith and Fulham,Robbery,40.0,37.0,24.0,33.0,33.0,28.0,7.0,13.0,6.0,7.0,27.0,22.0,27.0,23.0,18.0,11.0,12.0,12.0,13.0,14.0,22.0,19.0,23.0,15.0,486.0
Hammersmith and Fulham,Sexual Offences,10.0,15.0,13.0,7.0,11.0,8.0,7.0,9.0,8.0,12.0,10.0,11.0,16.0,6.0,13.0,3.0,4.0,13.0,11.0,14.0,14.0,13.0,16.0,12.0,256.0
Hammersmith and Fulham,Theft and Handling,453.0,437.0,479.0,378.0,375.0,305.0,119.0,140.0,183.0,295.0,331.0,317.0,378.0,212.0,261.0,140.0,157.0,179.0,233.0,350.0,380.0,345.0,321.0,395.0,7163.0
Hammersmith and Fulham,Violence Against the Person,199.0,242.0,192.0,186.0,183.0,155.0,116.0,117.0,132.0,175.0,171.0,177.0,184.0,130.0,154.0,113.0,111.0,141.0,138.0,159.0,179.0,183.0,174.0,197.0,3908.0
Haringey,Burglary,51.0,63.0,35.0,42.0,27.0,42.0,49.0,31.0,20.0,55.0,29.0,57.0,48.0,49.0,46.0,44.0,40.0,31.0,36.0,48.0,53.0,44.0,65.0,60.0,1065.0
Haringey,Criminal Damage,65.0,43.0,58.0,41.0,53.0,54.0,34.0,34.0,43.0,38.0,41.0,57.0,60.0,55.0,50.0,39.0,30.0,43.0,51.0,47.0,55.0,47.0,60.0,47.0,1145.0
Haringey,Drugs,32.0,33.0,41.0,44.0,45.0,54.0,31.0,56.0,35.0,26.0,23.0,28.0,30.0,32.0,16.0,23.0,18.0,26.0,32.0,24.0,25.0,24.0,22.0,24.0,744.0
Haringey,Fraud or Forgery,1.0,4.0,3.0,1.0,1.0,0.0,0.0,0.0,1.0,1.0,1.0,1.0,1.0,3.0,1.0,1.0,3.0,1.0,1.0,1.0,2.0,0.0,0.0,1.0,29.0
Haringey,Other Notifiable Offences,13.0,10.0,13.0,5.0,10.0,6.0,2.0,6.0,6.0,5.0,4.0,8.0,9.0,9.0,6.0,7.0,9.0,5.0,2.0,8.0,6.0,9.0,12.0,8.0,178.0
Haringey,Robbery,106.0,113.0,71.0,95.0,79.0,51.0,31.0,29.0,36.0,48.0,51.0,61.0,64.0,62.0,56.0,36.0,31.0,36.0,41.0,38.0,60.0,42.0,27.0,39.0,1303.0
Haringey,Sexual Offences,17.0,15.0,12.0,15.0,19.0,12.0,8.0,9.0,11.0,11.0,8.0,12.0,23.0,9.0,9.0,6.0,8.0,16.0,9.0,18.0,25.0,25.0,16.0,27.0,340.0
Haringey,Theft and Handling,495.0,416.0,453.0,433.0,459.0,348.0,194.0,197.0,280.0,356.0,319.0,363.0,364.0,321.0,348.0,253.0,232.0,252.0,323.0,359.0,432.0,386.0,334.0,346.0,8263.0
Haringey,Violence Against the Person,226.0,233.0,262.0,197.0,217.0,197.0,128.0,133.0,172.0,198.0,192.0,183.0,163.0,163.0,159.0,144.0,135.0,205.0,165.0,214.0,230.0,235.0,197.0,258.0,4606.0
Harrow,Burglary,23.0,17.0,25.0,26.0,46.0,65.0,23.0,26.0,33.0,23.0,20.0,31.0,29.0,18.0,11.0,17.0,18.0,19.0,21.0,13.0,14.0,20.0,14.0,20.0,572.0
Harrow,Criminal Damage,22.0,32.0,25.0,31.0,26.0,23.0,15.0,21.0,25.0,21.0,28.0,18.0,22.0,12.0,26.0,15.0,18.0,25.0,28.0,30.0,19.0,25.0,25.0,19.0,551.0
Harrow,Drugs,27.0,27.0,8.0,24.0,17.0,14.0,29.0,23.0,14.0,18.0,18.0,24.0,24.0,29.0,24.0,33.0,21.0,24.0,28.0,18.0,11.0,14.0,15.0,19.0,503.0
Harrow,Fraud or Forgery,1.0,1.0,3.0,1.0,0.0,1.0,0.0,0.0,0.0,1.0,0.0,0.0,0.0,0.0,3.0,2.0,2.0,0.0,0.0,1.0,0.0,2.0,1.0,0.0,19.0
Harrow,Other Notifiable Offences,3.0,10.0,8.0,5.0,6.0,8.0,2.0,4.0,2.0,5.0,5.0,8.0,5.0,5.0,2.0,4.0,2.0,9.0,7.0,6.0,2.0,5.0,1.0,6.0,120.0
Harrow,Robbery,27.0,28.0,31.0,38.0,19.0,17.0,9.0,14.0,6.0,21.0,18.0,18.0,10.0,18.0,21.0,12.0,10.0,9.0,11.0,8.0,10.0,4.0,7.0,16.0,382.0
Harrow,Sexual Offences,9.0,8.0,3.0,6.0,10.0,3.0,1.0,1.0,3.0,1.0,4.0,7.0,8.0,3.0,6.0,2.0,5.0,9.0,3.0,16.0,7.0,6.0,9.0,16.0,146.0
Harrow,Theft and Handling,252.0,245.0,253.0,221.0,233.0,186.0,91.0,101.0,99.0,145.0,144.0,160.0,203.0,167.0,132.0,107.0,107.0,126.0,133.0,152.0,174.0,200.0,183.0,185.0,3999.0
Harrow,Violence Against the Person,153.0,121.0,107.0,112.0,119.0,124.0,68.0,68.0,65.0,116.0,95.0,130.0,103.0,91.0,86.0,77.0,74.0,82.0,105.0,87.0,119.0,103.0,109.0,115.0,2429.0
Havering,Burglary,58.0,32.0,30.0,34.0,25.0,19.0,18.0,17.0,15.0,19.0,8.0,26.0,47.0,16.0,35.0,33.0,32.0,23.0,27.0,29.0,17.0,23.0,31.0,18.0,632.0
Havering,Criminal Damage,52.0,37.0,36.0,35.0,42.0,38.0,25.0,25.0,18.0,26.0,29.0,36.0,31.0,29.0,17.0,19.0,22.0,22.0,29.0,39.0,27.0,54.0,49.0,37.0,774.0
Havering,Drugs,37.0,25.0,20.0,37.0,21.0,19.0,33.0,27.0,28.0,38.0,17.0,16.0,29.0,26.0,34.0,17.0,29.0,22.0,23.0,25.0,33.0,24.0,24.0,14.0,618.0
Havering,Fraud or Forgery,4.0,0.0,0.0,3.0,1.0,0.0,0.0,1.0,0.0,0.0,3.0,0.0,0.0,1.0,0.0,1.0,0.0,1.0,0.0,1.0,2.0,0.0,0.0,2.0,20.0
Havering,Other Notifiable Offences,7.0,4.0,9.0,8.0,13.0,17.0,1.0,3.0,4.0,5.0,5.0,6.0,5.0,3.0,3.0,1.0,4.0,5.0,9.0,6.0,4.0,5.0,3.0,9.0,139.0
Havering,Robbery,31.0,34.0,15.0,19.0,28.0,20.0,2.0,5.0,13.0,18.0,28.0,17.0,25.0,14.0,13.0,10.0,13.0,21.0,13.0,27.0,13.0,24.0,14.0,10.0,427.0
Havering,Sexual Offences,12.0,13.0,8.0,13.0,19.0,15.0,9.0,8.0,2.0,8.0,8.0,13.0,16.0,5.0,6.0,70.0,5.0,8.0,8.0,13.0,20.0,16.0,11.0,13.0,319.0
Havering,Theft and Handling,394.0,341.0,281.0,317.0,315.0,249.0,95.0,145.0,161.0,255.0,274.0,306.0,295.0,260.0,220.0,163.0,185.0,224.0,206.0,226.0,235.0,275.0,283.0,241.0,5946.0
Havering,Violence Against the Person,157.0,153.0,160.0,136.0,139.0,133.0,50.0,79.0,74.0,134.0,156.0,123.0,139.0,89.0,83.0,80.0,48.0,124.0,134.0,167.0,146.0,141.0,155.0,140.0,2940.0
Hillingdon,Burglary,33.0,46.0,48.0,42.0,69.0,42.0,41.0,38.0,42.0,24.0,35.0,34.0,27.0,33.0,27.0,35.0,41.0,23.0,27.0,33.0,38.0,25.0,22.0,32.0,857.0
Hillingdon,Criminal Damage,103.0,67.0,86.0,72.0,62.0,75.0,61.0,50.0,57.0,45.0,49.0,61.0,55.0,43.0,55.0,48.0,37.0,55.0,35.0,50.0,44.0,60.0,56.0,37.0,1363.0
Hillingdon,Drugs,52.0,34.0,39.0,47.0,43.0,53.0,36.0,55.0,57.0,44.0,32.0,40.0,49.0,46.0,32.0,37.0,43.0,38.0,48.0,26.0,32.0,32.0,32.0,34.0,981.0
Hillingdon,Fraud or Forgery,2.0,5.0,0.0,3.0,4.0,4.0,0.0,1.0,3.0,5.0,2.0,2.0,3.0,2.0,2.0,4.0,0.0,4.0,1.0,1.0,5.0,2.0,0.0,3.0,58.0
Hillingdon,Other Notifiable Offences,216.0,184.0,241.0,167.0,151.0,141.0,20.0,21.0,25.0,60.0,48.0,86.0,68.0,56.0,86.0,47.0,37.0,44.0,46.0,75.0,93.0,132.0,133.0,140.0,2317.0
Hillingdon,Robbery,50.0,26.0,26.0,41.0,30.0,21.0,9.0,12.0,10.0,18.0,18.0,25.0,29.0,28.0,9.0,19.0,12.0,22.0,16.0,21.0,13.0,15.0,17.0,15.0,502.0
Hillingdon,Sexual Offences,18.0,14.0,26.0,17.0,12.0,11.0,5.0,10.0,6.0,10.0,12.0,15.0,28.0,14.0,9.0,5.0,10.0,17.0,20.0,18.0,15.0,21.0,13.0,17.0,343.0
Hillingdon,Theft and Handling,744.0,747.0,627.0,679.0,728.0,665.0,206.0,228.0,302.0,323.0,400.0,419.0,411.0,439.0,338.0,277.0,276.0,276.0,286.0,345.0,311.0,375.0,351.0,425.0,10178.0
Hillingdon,Violence Against the Person,305.0,285.0,294.0,289.0,270.0,272.0,145.0,157.0,183.0,223.0,273.0,228.0,245.0,176.0,194.0,141.0,135.0,246.0,197.0,240.0,243.0,243.0,244.0,278.0,5506.0
Hounslow,Burglary,47.0,45.0,39.0,45.0,48.0,57.0,52.0,39.0,23.0,43.0,56.0,37.0,48.0,33.0,25.0,29.0,38.0,38.0,24.0,38.0,24.0,24.0,27.0,23.0,902.0
Hounslow,Criminal Damage,48.0,46.0,52.0,50.0,45.0,38.0,29.0,41.0,42.0,37.0,41.0,57.0,55.0,45.0,37.0,34.0,40.0,40.0,29.0,39.0,46.0,53.0,64.0,63.0,1071.0
Hounslow,Drugs,44.0,37.0,26.0,27.0,28.0,32.0,43.0,40.0,31.0,22.0,28.0,28.0,29.0,38.0,37.0,25.0,26.0,25.0,28.0,28.0,20.0,40.0,26.0,23.0,731.0
Hounslow,Fraud or Forgery,0.0,2.0,1.0,0.0,2.0,0.0,0.0,2.0,0.0,2.0,1.0,1.0,0.0,1.0,0.0,0.0,0.0,0.0,1.0,3.0,1.0,2.0,0.0,4.0,23.0
Hounslow,Other Notifiable Offences,10.0,13.0,7.0,13.0,13.0,13.0,9.0,7.0,8.0,9.0,7.0,12.0,12.0,10.0,12.0,13.0,13.0,15.0,9.0,15.0,12.0,16.0,8.0,10.0,266.0
Hounslow,Robbery,24.0,26.0,24.0,21.0,23.0,29.0,12.0,12.0,17.0,30.0,19.0,35.0,22.0,25.0,13.0,14.0,12.0,11.0,9.0,12.0,15.0,10.0,10.0,17.0,442.0
Hounslow,Sexual Offences,9.0,15.0,3.0,10.0,13.0,13.0,5.0,4.0,4.0,12.0,16.0,13.0,15.0,11.0,11.0,9.0,8.0,6.0,17.0,27.0,7.0,14.0,11.0,14.0,267.0
Hounslow,Theft and Handling,422.0,394.0,415.0,379.0,355.0,305.0,157.0,175.0,242.0,257.0,290.0,377.0,357.0,288.0,276.0,209.0,220.0,236.0,291.0,316.0,334.0,293.0,298.0,334.0,7220.0
Hounslow,Violence Against the Person,231.0,206.0,227.0,220.0,191.0,186.0,126.0,114.0,171.0,188.0,189.0,218.0,170.0,149.0,134.0,127.0,130.0,175.0,170.0,205.0,234.0,226.0,187.0,231.0,4405.0
Islington,Burglary,83.0,79.0,88.0,111.0,80.0,79.0,59.0,45.0,57.0,57.0,58.0,55.0,54.0,59.0,47.0,41.0,35.0,36.0,38.0,48.0,66.0,52.0,55.0,40.0,1422.0
Islington,Criminal Damage,64.0,44.0,46.0,57.0,27.0,37.0,30.0,56.0,41.0,46.0,44.0,57.0,51.0,40.0,42.0,39.0,41.0,41.0,35.0,45.0,48.0,53.0,52.0,29.0,1065.0
Islington,Drugs,41.0,35.0,37.0,45.0,54.0,30.0,29.0,37.0,19.0,36.0,23.0,21.0,31.0,38.0,13.0,18.0,20.0,34.0,18.0,16.0,24.0,25.0,32.0,20.0,696.0
Islington,Fraud or Forgery,3.0,4.0,6.0,1.0,2.0,1.0,0.0,1.0,0.0,0.0,2.0,0.0,0.0,0.0,1.0,1.0,0.0,1.0,5.0,0.0,0.0,2.0,1.0,0.0,31.0
Islington,Other Notifiable Offences,13.0,6.0,14.0,10.0,16.0,5.0,5.0,7.0,9.0,4.0,13.0,7.0,5.0,10.0,6.0,11.0,7.0,9.0,10.0,11.0,14.0,19.0,9.0,7.0,227.0
Islington,Robbery,60.0,59.0,65.0,65.0,82.0,36.0,12.0,24.0,24.0,45.0,50.0,41.0,39.0,40.0,38.0,40.0,30.0,42.0,26.0,40.0,40.0,33.0,34.0,29.0,994.0
Islington,Sexual Offences,18.0,21.0,17.0,18.0,18.0,8.0,4.0,8.0,7.0,15.0,10.0,12.0,8.0,8.0,6.0,1.0,5.0,12.0,12.0,22.0,18.0,18.0,14.0,18.0,298.0
Islington,Theft and Handling,690.0,646.0,634.0,614.0,657.0,393.0,145.0,175.0,246.0,348.0,438.0,492.0,521.0,328.0,298.0,216.0,185.0,250.0,305.0,384.0,352.0,391.0,413.0,465.0,9586.0
Islington,Violence Against the Person,235.0,262.0,230.0,211.0,254.0,201.0,128.0,151.0,188.0,194.0,240.0,229.0,185.0,178.0,165.0,111.0,129.0,184.0,183.0,203.0,204.0,247.0,213.0,222.0,4747.0
Kensington and Chelsea,Burglary,90.0,77.0,70.0,83.0,65.0,56.0,33.0,21.0,36.0,28.0,33.0,48.0,49.0,42.0,49.0,43.0,29.0,27.0,22.0,38.0,21.0,48.0,31.0,42.0,1081.0
Kensington and Chelsea,Criminal Damage,37.0,44.0,41.0,25.0,36.0,23.0,17.0,20.0,31.0,42.0,37.0,43.0,37.0,40.0,31.0,31.0,24.0,29.0,29.0,46.0,28.0,34.0,40.0,33.0,798.0
Kensington and Chelsea,Drugs,18.0,20.0,15.0,28.0,20.0,16.0,30.0,33.0,14.0,27.0,34.0,16.0,11.0,17.0,26.0,20.0,29.0,30.0,32.0,24.0,25.0,16.0,17.0,26.0,544.0
Kensington and Chelsea,Fraud or Forgery,2.0,1.0,1.0,2.0,1.0,2.0,0.0,0.0,0.0,2.0,0.0,3.0,2.0,1.0,1.0,2.0,0.0,1.0,1.0,1.0,1.0,0.0,1.0,0.0,25.0
Kensington and Chelsea,Other Notifiable Offences,7.0,3.0,8.0,12.0,3.0,8.0,3.0,5.0,8.0,9.0,3.0,9.0,2.0,6.0,6.0,3.0,4.0,5.0,3.0,17.0,3.0,7.0,5.0,9.0,148.0
Kensington and Chelsea,Robbery,41.0,40.0,49.0,37.0,40.0,27.0,4.0,12.0,12.0,18.0,19.0,21.0,21.0,16.0,20.0,15.0,8.0,7.0,7.0,8.0,15.0,9.0,12.0,18.0,476.0
Kensington and Chelsea,Sexual Offences,10.0,8.0,10.0,18.0,9.0,12.0,4.0,7.0,6.0,12.0,7.0,8.0,10.0,12.0,8.0,8.0,9.0,14.0,7.0,8.0,14.0,7.0,18.0,12.0,238.0
Kensington and Chelsea,Theft and Handling,655.0,713.0,746.0,623.0,527.0,358.0,74.0,112.0,198.0,320.0,379.0,431.0,465.0,228.0,347.0,134.0,155.0,181.0,283.0,312.0,351.0,415.0,393.0,428.0,8828.0
Kensington and Chelsea,Violence Against the Person,174.0,193.0,182.0,168.0,169.0,118.0,84.0,88.0,127.0,174.0,139.0,160.0,147.0,137.0,144.0,91.0,97.0,115.0,132.0,170.0,210.0,167.0,168.0,182.0,3536.0
Kingston upon Thames,Burglary,11.0,19.0,11.0,25.0,27.0,15.0,8.0,11.0,10.0,9.0,7.0,10.0,6.0,9.0,10.0,16.0,10.0,8.0,14.0,20.0,19.0,17.0,12.0,14.0,318.0
Kingston upon Thames,Criminal Damage,27.0,26.0,33.0,17.0,19.0,24.0,14.0,20.0,20.0,23.0,19.0,23.0,29.0,21.0,19.0,18.0,18.0,23.0,29.0,29.0,26.0,22.0,31.0,33.0,563.0
Kingston upon Thames,Drugs,21.0,19.0,27.0,37.0,30.0,24.0,32.0,51.0,31.0,30.0,21.0,36.0,29.0,22.0,25.0,18.0,23.0,33.0,35.0,38.0,26.0,22.0,26.0,35.0,691.0
Kingston upon Thames,Fraud or Forgery,4.0,1.0,1.0,1.0,0.0,1.0,0.0,1.0,1.0,0.0,2.0,1.0,1.0,0.0,0.0,0.0,0.0,0.0,0.0,1.0,0.0,0.0,1.0,0.0,16.0
Kingston upon Thames,Other Notifiable Offences,3.0,2.0,5.0,6.0,0.0,3.0,5.0,3.0,6.0,3.0,3.0,8.0,4.0,4.0,0.0,4.0,2.0,8.0,3.0,0.0,6.0,6.0,5.0,2.0,91.0
Kingston upon Thames,Robbery,17.0,18.0,10.0,13.0,10.0,15.0,1.0,3.0,7.0,12.0,9.0,7.0,11.0,15.0,11.0,2.0,0.0,4.0,11.0,2.0,8.0,8.0,6.0,6.0,206.0
Kingston upon Thames,Sexual Offences,11.0,10.0,6.0,7.0,12.0,5.0,4.0,6.0,3.0,5.0,5.0,4.0,12.0,6.0,3.0,6.0,5.0,10.0,9.0,7.0,16.0,17.0,13.0,17.0,199.0
Kingston upon Thames,Theft and Handling,219.0,238.0,219.0,195.0,178.0,149.0,51.0,80.0,106.0,176.0,162.0,180.0,198.0,118.0,124.0,84.0,99.0,93.0,150.0,144.0,232.0,245.0,214.0,193.0,3847.0
Kingston upon Thames,Violence Against the Person,124.0,126.0,122.0,109.0,107.0,79.0,54.0,54.0,64.0,110.0,107.0,122.0,72.0,77.0,79.0,55.0,41.0,85.0,102.0,106.0,125.0,129.0,107.0,113.0,2269.0
Lambeth,Burglary,85.0,81.0,75.0,86.0,63.0,80.0,64.0,46.0,55.0,62.0,58.0,67.0,74.0,51.0,33.0,40.0,36.0,35.0,51.0,50.0,62.0,51.0,36.0,51.0,1392.0
Lambeth,Criminal Damage,55.0,53.0,67.0,69.0,60.0,60.0,34.0,62.0,88.0,73.0,77.0,50.0,52.0,46.0,52.0,37.0,39.0,53.0,55.0,52.0,78.0,90.0,85.0,84.0,1471.0
Lambeth,Drugs,33.0,45.0,60.0,84.0,34.0,51.0,63.0,61.0,37.0,43.0,50.0,29.0,54.0,68.0,40.0,18.0,40.0,52.0,31.0,68.0,48.0,38.0,44.0,49.0,1140.0
Lambeth,Fraud or Forgery,1.0,2.0,1.0,1.0,0.0,0.0,0.0,1.0,0.0,5.0,1.0,2.0,1.0,0.0,1.0,0.0,3.0,4.0,5.0,4.0,4.0,1.0,1.0,0.0,38.0
Lambeth,Other Notifiable Offences,18.0,23.0,15.0,17.0,11.0,10.0,7.0,8.0,11.0,16.0,17.0,9.0,19.0,5.0,12.0,6.0,7.0,9.0,11.0,9.0,18.0,16.0,12.0,11.0,297.0
Lambeth,Robbery,56.0,73.0,60.0,36.0,49.0,54.0,21.0,12.0,27.0,36.0,55.0,62.0,47.0,49.0,38.0,22.0,26.0,23.0,33.0,34.0,33.0,50.0,74.0,88.0,1058.0
Lambeth,Sexual Offences,26.0,27.0,28.0,30.0,21.0,15.0,11.0,16.0,27.0,19.0,20.0,16.0,17.0,28.0,16.0,21.0,10.0,29.0,25.0,31.0,22.0,19.0,38.0,29.0,541.0
Lambeth,Theft and Handling,670.0,598.0,521.0,504.0,533.0,412.0,154.0,190.0,241.0,329.0,401.0,398.0,368.0,278.0,288.0,208.0,232.0,276.0,310.0,363.0,362.0,397.0,480.0,471.0,8984.0
Lambeth,Violence Against the Person,329.0,361.0,297.0,290.0,283.0,309.0,193.0,228.0,219.0,336.0,282.0,270.0,253.0,229.0,219.0,171.0,167.0,274.0,263.0,285.0,351.0,323.0,330.0,356.0,6618.0
Lewisham,Burglary,46.0,49.0,38.0,65.0,49.0,47.0,71.0,48.0,70.0,50.0,55.0,38.0,50.0,57.0,51.0,61.0,53.0,47.0,46.0,54.0,40.0,49.0,55.0,53.0,1242.0
Lewisham,Criminal Damage,59.0,57.0,50.0,36.0,43.0,57.0,47.0,52.0,56.0,49.0,54.0,42.0,43.0,42.0,48.0,46.0,39.0,49.0,36.0,56.0,55.0,61.0,55.0,45.0,1177.0
Lewisham,Drugs,18.0,27.0,20.0,21.0,26.0,17.0,34.0,43.0,26.0,22.0,24.0,13.0,39.0,30.0,23.0,17.0,17.0,21.0,27.0,37.0,23.0,15.0,27.0,24.0,591.0
Lewisham,Fraud or Forgery,0.0,5.0,0.0,0.0,1.0,1.0,2.0,1.0,0.0,0.0,0.0,0.0,1.0,1.0,0.0,0.0,0.0,1.0,1.0,0.0,0.0,1.0,1.0,2.0,18.0
Lewisham,Other Notifiable Offences,7.0,8.0,10.0,3.0,8.0,7.0,5.0,9.0,10.0,8.0,10.0,11.0,7.0,7.0,7.0,5.0,5.0,11.0,9.0,14.0,6.0,4.0,9.0,11.0,191.0
Lewisham,Robbery,50.0,45.0,39.0,33.0,37.0,37.0,16.0,27.0,15.0,38.0,45.0,43.0,25.0,35.0,39.0,18.0,25.0,27.0,22.0,15.0,18.0,28.0,21.0,21.0,719.0
Lewisham,Sexual Offences,11.0,15.0,17.0,12.0,23.0,7.0,6.0,5.0,9.0,16.0,11.0,8.0,20.0,10.0,8.0,12.0,14.0,16.0,15.0,15.0,13.0,21.0,5.0,13.0,302.0
Lewisham,Theft and Handling,321.0,302.0,289.0,278.0,289.0,266.0,157.0,191.0,232.0,295.0,310.0,319.0,320.0,267.0,220.0,216.0,191.0,225.0,238.0,265.0,279.0,278.0,247.0,250.0,6245.0
Lewisham,Violence Against the Person,227.0,245.0,236.0,233.0,205.0,195.0,168.0,155.0,189.0,192.0,198.0,198.0,209.0,197.0,159.0,150.0,128.0,149.0,189.0,227.0,231.0,242.0,200.0,197.0,4719.0
Merton,Burglary,26.0,17.0,22.0,19.0,25.0,18.0,21.0,9.0,20.0,15.0,14.0,20.0,11.0,12.0,15.0,29.0,17.0,20.0,21.0,13.0,22.0,21.0,10.0,24.0,441.0
Merton,Criminal Damage,25.0,25.0,22.0,29.0,14.0,28.0,19.0,21.0,24.0,33.0,25.0,30.0,24.0,28.0,15.0,18.0,18.0,33.0,21.0,23.0,27.0,32.0,29.0,33.0,596.0
Merton,Drugs,17.0,25.0,14.0,19.0,18.0,29.0,19.0,30.0,34.0,29.0,25.0,10.0,27.0,26.0,23.0,18.0,13.0,22.0,18.0,20.0,13.0,9.0,14.0,12.0,484.0
Merton,Fraud or Forgery,0.0,0.0,1.0,1.0,6.0,0.0,0.0,0.0,1.0,2.0,0.0,1.0,1.0,0.0,2.0,0.0,0.0,1.0,1.0,0.0,0.0,2.0,1.0,0.0,20.0
Merton,Other Notifiable Offences,5.0,6.0,3.0,4.0,5.0,4.0,3.0,1.0,6.0,5.0,4.0,3.0,6.0,3.0,5.0,5.0,4.0,6.0,6.0,4.0,6.0,4.0,7.0,7.0,112.0
Merton,Robbery,25.0,30.0,17.0,10.0,17.0,10.0,3.0,3.0,15.0,18.0,18.0,33.0,21.0,22.0,13.0,6.0,10.0,9.0,9.0,7.0,10.0,9.0,13.0,18.0,346.0
Merton,Sexual Offences,5.0,8.0,3.0,6.0,8.0,8.0,3.0,4.0,1.0,8.0,8.0,6.0,2.0,7.0,5.0,4.0,2.0,7.0,8.0,10.0,13.0,9.0,6.0,9.0,150.0
Merton,Theft and Handling,229.0,207.0,170.0,192.0,177.0,158.0,75.0,89.0,115.0,168.0,138.0,213.0,169.0,128.0,127.0,120.0,114.0,144.0,150.0,134.0,162.0,154.0,174.0,176.0,3683.0
Merton,Violence Against the Person,85.0,117.0,97.0,113.0,73.0,58.0,58.0,78.0,88.0,94.0,101.0,125.0,96.0,94.0,85.0,56.0,70.0,97.0,99.0,120.0,135.0,126.0,109.0,117.0,2291.0
Newham,Burglary,62.0,60.0,45.0,57.0,61.0,72.0,47.0,47.0,39.0,26.0,40.0,53.0,46.0,43.0,46.0,34.0,38.0,32.0,28.0,29.0,37.0,49.0,37.0,44.0,1072.0
Newham,Criminal Damage,85.0,76.0,59.0,55.0,72.0,59.0,41.0,32.0,46.0,53.0,58.0,54.0,61.0,49.0,53.0,35.0,53.0,45.0,62.0,56.0,92.0,71.0,53.0,65.0,1385.0
Newham,Drugs,84.0,28.0,45.0,50.0,57.0,29.0,43.0,47.0,49.0,65.0,55.0,62.0,47.0,44.0,46.0,24.0,45.0,36.0,27.0,33.0,30.0,30.0,24.0,23.0,1023.0
Newham,Fraud or Forgery,4.0,0.0,1.0,1.0,1.0,1.0,0.0,1.0,0.0,1.0,0.0,0.0,1.0,0.0,0.0,0.0,0.0,1.0,3.0,0.0,3.0,0.0,1.0,0.0,19.0
Newham,Other Notifiable Offences,15.0,21.0,11.0,11.0,5.0,14.0,3.0,4.0,11.0,10.0,5.0,11.0,8.0,14.0,5.0,10.0,10.0,12.0,13.0,9.0,8.0,20.0,11.0,10.0,251.0
Newham,Robbery,65.0,111.0,87.0,89.0,81.0,83.0,19.0,30.0,35.0,54.0,47.0,65.0,67.0,44.0,46.0,29.0,28.0,23.0,33.0,32.0,37.0,35.0,36.0,55.0,1231.0
Newham,Sexual Offences,15.0,23.0,10.0,8.0,14.0,19.0,5.0,10.0,7.0,8.0,11.0,12.0,16.0,14.0,15.0,10.0,11.0,14.0,8.0,22.0,27.0,19.0,17.0,30.0,345.0
Newham,Theft and Handling,675.0,669.0,630.0,615.0,659.0,481.0,228.0,288.0,390.0,501.0,521.0,500.0,624.0,497.0,565.0,375.0,313.0,359.0,510.0,546.0,539.0,588.0,607.0,686.0,12366.0
Newham,Violence Against the Person,300.0,259.0,253.0,247.0,241.0,217.0,159.0,142.0,205.0,219.0,266.0,242.0,233.0,225.0,207.0,164.0,179.0,211.0,206.0,265.0,262.0,266.0,238.0,243.0,5449.0
Redbridge,Burglary,43.0,31.0,38.0,43.0,54.0,33.0,24.0,26.0,32.0,35.0,32.0,40.0,55.0,48.0,33.0,35.0,33.0,34.0,80.0,31.0,22.0,30.0,24.0,33.0,889.0
Redbridge,Criminal Damage,31.0,42.0,32.0,47.0,45.0,40.0,33.0,40.0,32.0,37.0,38.0,37.0,46.0,36.0,45.0,36.0,21.0,42.0,43.0,41.0,42.0,59.0,48.0,32.0,945.0
Redbridge,Drugs,34.0,29.0,23.0,36.0,34.0,31.0,34.0,41.0,40.0,44.0,25.0,42.0,39.0,42.0,35.0,25.0,29.0,22.0,29.0,30.0,21.0,36.0,22.0,20.0,763.0
Redbridge,Fraud or Forgery,0.0,0.0,0.0,0.0,1.0,1.0,1.0,0.0,0.0,0.0,0.0,0.0,0.0,2.0,0.0,1.0,3.0,2.0,1.0,4.0,1.0,0.0,1.0,1.0,19.0
Redbridge,Other Notifiable Offences,10.0,5.0,5.0,7.0,6.0,15.0,1.0,5.0,6.0,10.0,10.0,5.0,5.0,6.0,5.0,5.0,8.0,15.0,4.0,4.0,7.0,10.0,3.0,5.0,162.0
Redbridge,Robbery,60.0,38.0,44.0,38.0,30.0,31.0,11.0,12.0,17.0,26.0,27.0,26.0,33.0,33.0,14.0,18.0,8.0,19.0,24.0,23.0,26.0,28.0,24.0,30.0,640.0
Redbridge,Sexual Offences,9.0,9.0,6.0,18.0,22.0,18.0,7.0,9.0,14.0,16.0,12.0,16.0,11.0,10.0,10.0,2.0,11.0,22.0,22.0,34.0,16.0,28.0,15.0,18.0,355.0
Redbridge,Theft and Handling,386.0,436.0,358.0,391.0,431.0,313.0,176.0,209.0,241.0,304.0,333.0,344.0,445.0,326.0,292.0,258.0,225.0,244.0,268.0,270.0,359.0,349.0,337.0,334.0,7629.0
Redbridge,Violence Against the Person,182.0,192.0,165.0,178.0,168.0,174.0,132.0,125.0,167.0,189.0,183.0,198.0,165.0,136.0,149.0,126.0,116.0,153.0,161.0,217.0,217.0,207.0,173.0,191.0,4064.0
Richmond upon Thames,Burglary,32.0,46.0,32.0,35.0,34.0,23.0,14.0,20.0,16.0,13.0,20.0,19.0,13.0,17.0,21.0,23.0,19.0,29.0,23.0,12.0,17.0,19.0,18.0,16.0,531.0
Richmond upon Thames,Criminal Damage,30.0,23.0,18.0,26.0,27.0,21.0,18.0,18.0,17.0,24.0,25.0,30.0,17.0,21.0,16.0,17.0,18.0,30.0,36.0,27.0,30.0,19.0,24.0,18.0,550.0
Richmond upon Thames,Drugs,8.0,8.0,10.0,9.0,9.0,15.0,4.0,17.0,20.0,14.0,8.0,13.0,11.0,27.0,17.0,12.0,11.0,12.0,12.0,5.0,4.0,5.0,7.0,9.0,267.0
Richmond upon Thames,Fraud or Forgery,1.0,1.0,0.0,3.0,1.0,0.0,1.0,1.0,0.0,0.0,0.0,0.0,0.0,1.0,1.0,1.0,0.0,0.0,2.0,0.0,0.0,1.0,1.0,1.0,16.0
Richmond upon Thames,Other Notifiable Offences,3.0,5.0,4.0,5.0,4.0,4.0,0.0,5.0,3.0,3.0,4.0,5.0,3.0,7.0,2.0,2.0,5.0,5.0,4.0,10.0,4.0,3.0,0.0,5.0,95.0
Richmond upon Thames,Robbery,13.0,14.0,13.0,8.0,7.0,16.0,2.0,13.0,11.0,2.0,9.0,4.0,8.0,13.0,7.0,8.0,6.0,6.0,6.0,3.0,8.0,11.0,9.0,8.0,205.0
Richmond upon Thames,Sexual Offences,9.0,4.0,6.0,10.0,12.0,5.0,2.0,3.0,2.0,11.0,9.0,4.0,6.0,5.0,1.0,2.0,4.0,6.0,9.0,13.0,7.0,5.0,5.0,6.0,146.0
Richmond upon Thames,Theft and Handling,200.0,206.0,177.0,191.0,207.0,141.0,54.0,113.0,127.0,175.0,177.0,182.0,190.0,140.0,139.0,91.0,103.0,123.0,135.0,141.0,180.0,205.0,148.0,173.0,3718.0
Richmond upon Thames,Violence Against the Person,77.0,82.0,101.0,87.0,91.0,86.0,50.0,60.0,84.0,92.0,71.0,88.0,75.0,60.0,62.0,60.0,46.0,61.0,73.0,76.0,90.0,84.0,82.0,106.0,1844.0
Southwark,Burglary,99.0,92.0,80.0,97.0,82.0,51.0,68.0,61.0,61.0,86.0,63.0,72.0,59.0,72.0,54.0,24.0,41.0,69.0,57.0,79.0,69.0,74.0,58.0,68.0,1636.0
Southwark,Criminal Damage,64.0,60.0,71.0,68.0,73.0,62.0,43.0,44.0,55.0,68.0,54.0,62.0,73.0,53.0,52.0,48.0,53.0,63.0,51.0,58.0,58.0,66.0,48.0,62.0,1409.0
Southwark,Drugs,59.0,59.0,59.0,53.0,94.0,44.0,37.0,52.0,39.0,56.0,50.0,55.0,70.0,61.0,41.0,38.0,54.0,50.0,49.0,41.0,37.0,32.0,37.0,53.0,1220.0
Southwark,Fraud or Forgery,1.0,5.0,0.0,4.0,3.0,1.0,0.0,0.0,0.0,2.0,0.0,1.0,2.0,0.0,2.0,0.0,1.0,3.0,5.0,2.0,1.0,1.0,0.0,0.0,34.0
Southwark,Other Notifiable Offences,8.0,12.0,11.0,11.0,19.0,14.0,5.0,7.0,9.0,6.0,9.0,13.0,9.0,10.0,6.0,3.0,11.0,18.0,13.0,9.0,11.0,12.0,10.0,5.0,241.0
Southwark,Robbery,108.0,123.0,88.0,64.0,76.0,53.0,29.0,20.0,57.0,71.0,59.0,66.0,75.0,47.0,50.0,34.0,27.0,39.0,40.0,39.0,43.0,46.0,59.0,57.0,1370.0
Southwark,Sexual Offences,27.0,22.0,10.0,16.0,22.0,22.0,7.0,8.0,14.0,15.0,27.0,17.0,12.0,18.0,13.0,11.0,11.0,23.0,13.0,19.0,27.0,20.0,31.0,18.0,423.0
Southwark,Theft and Handling,881.0,747.0,660.0,583.0,666.0,468.0,184.0,240.0,370.0,553.0,559.0,540.0,539.0,385.0,407.0,249.0,280.0,372.0,416.0,440.0,505.0,546.0,555.0,537.0,11682.0
Southwark,Violence Against the Person,327.0,319.0,299.0,322.0,281.0,259.0,185.0,185.0,222.0,281.0,278.0,321.0,284.0,195.0,222.0,175.0,189.0,243.0,246.0,281.0,240.0,310.0,252.0,292.0,6208.0
Sutton,Burglary,18.0,15.0,20.0,21.0,32.0,18.0,11.0,13.0,7.0,13.0,14.0,10.0,13.0,16.0,12.0,11.0,12.0,25.0,20.0,13.0,16.0,17.0,24.0,10.0,381.0
Sutton,Criminal Damage,26.0,37.0,27.0,25.0,33.0,37.0,14.0,21.0,27.0,19.0,25.0,25.0,27.0,32.0,23.0,22.0,14.0,17.0,22.0,31.0,19.0,25.0,17.0,19.0,584.0
Sutton,Drugs,16.0,20.0,19.0,18.0,7.0,14.0,18.0,29.0,24.0,18.0,14.0,15.0,32.0,15.0,13.0,10.0,11.0,10.0,12.0,19.0,18.0,16.0,15.0,8.0,391.0
Sutton,Fraud or Forgery,0.0,0.0,1.0,0.0,1.0,0.0,0.0,0.0,0.0,1.0,1.0,1.0,1.0,0.0,0.0,0.0,0.0,0.0,0.0,0.0,2.0,0.0,0.0,1.0,9.0
Sutton,Other Notifiable Offences,6.0,4.0,0.0,4.0,8.0,8.0,3.0,3.0,1.0,4.0,1.0,1.0,6.0,2.0,3.0,1.0,1.0,0.0,4.0,1.0,2.0,2.0,3.0,8.0,76.0
Sutton,Robbery,16.0,14.0,11.0,9.0,19.0,20.0,2.0,7.0,7.0,10.0,12.0,3.0,8.0,11.0,11.0,5.0,3.0,10.0,6.0,8.0,11.0,8.0,14.0,5.0,230.0
Sutton,Sexual Offences,3.0,4.0,5.0,9.0,7.0,9.0,1.0,2.0,8.0,6.0,2.0,2.0,2.0,5.0,7.0,2.0,7.0,4.0,9.0,11.0,6.0,12.0,2.0,14.0,139.0
Sutton,Theft and Handling,186.0,191.0,172.0,233.0,192.0,159.0,77.0,85.0,132.0,118.0,147.0,139.0,155.0,125.0,105.0,67.0,86.0,99.0,119.0,116.0,149.0,140.0,134.0,128.0,3254.0
Sutton,Violence Against the Person,124.0,102.0,132.0,126.0,117.0,106.0,56.0,61.0,76.0,75.0,88.0,87.0,98.0,72.0,75.0,42.0,65.0,74.0,88.0,100.0,112.0,105.0,95.0,87.0,2163.0
Total By Month,Total,32684.0,32092.0,30530.0,30152.0,29997.0,24343.0,13175.0,14797.0,17840.0,22168.0,23456.0,24868.0,25141.0,20313.0,19613.0,14988.0,14976.0,18312.0,19825.0,22811.0,24229.0,25056.0,24133.0,25234.0,550733.0
Tower Hamlets,Burglary,87.0,88.0,143.0,96.0,66.0,74.0,70.0,59.0,60.0,57.0,54.0,83.0,88.0,63.0,78.0,69.0,59.0,51.0,46.0,51.0,48.0,76.0,80.0,56.0,1702.0
Tower Hamlets,Criminal Damage,71.0,74.0,53.0,71.0,76.0,56.0,38.0,59.0,51.0,53.0,76.0,64.0,52.0,59.0,54.0,52.0,54.0,73.0,61.0,69.0,73.0,66.0,98.0,76.0,1529.0
Tower Hamlets,Drugs,43.0,44.0,35.0,51.0,36.0,27.0,27.0,41.0,29.0,38.0,38.0,39.0,49.0,46.0,22.0,42.0,40.0,41.0,46.0,38.0,32.0,33.0,38.0,27.0,902.0
Tower Hamlets,Fraud or Forgery,1.0,0.0,2.0,3.0,5.0,1.0,0.0,0.0,1.0,1.0,2.0,0.0,0.0,1.0,5.0,1.0,2.0,2.0,3.0,2.0,1.0,2.0,0.0,1.0,36.0
Tower Hamlets,Other Notifiable Offences,11.0,12.0,9.0,14.0,5.0,11.0,2.0,6.0,8.0,11.0,6.0,26.0,18.0,18.0,13.0,10.0,8.0,10.0,10.0,12.0,11.0,10.0,5.0,12.0,258.0
Tower Hamlets,Robbery,65.0,75.0,67.0,46.0,40.0,31.0,16.0,14.0,23.0,30.0,39.0,27.0,28.0,26.0,34.0,26.0,16.0,34.0,32.0,36.0,24.0,22.0,26.0,42.0,819.0
Tower Hamlets,Sexual Offences,12.0,10.0,7.0,17.0,21.0,6.0,3.0,8.0,9.0,12.0,17.0,20.0,12.0,16.0,15.0,8.0,2.0,14.0,13.0,18.0,16.0,30.0,12.0,30.0,328.0
Tower Hamlets,Theft and Handling,526.0,493.0,505.0,468.0,478.0,347.0,199.0,216.0,323.0,373.0,463.0,471.0,447.0,333.0,353.0,279.0,239.0,266.0,339.0,375.0,402.0,389.0,418.0,442.0,9144.0
Tower Hamlets,Violence Against the Person,254.0,227.0,247.0,215.0,231.0,182.0,131.0,135.0,166.0,223.0,250.0,257.0,209.0,192.0,202.0,153.0,158.0,190.0,215.0,247.0,254.0,286.0,222.0,280.0,5126.0
Waltham Forest,Burglary,49.0,58.0,48.0,70.0,44.0,32.0,49.0,35.0,39.0,35.0,38.0,36.0,29.0,28.0,32.0,42.0,30.0,24.0,26.0,25.0,21.0,19.0,22.0,17.0,848.0
Waltham Forest,Criminal Damage,49.0,47.0,36.0,47.0,44.0,46.0,30.0,28.0,42.0,32.0,38.0,36.0,40.0,36.0,32.0,40.0,42.0,39.0,38.0,54.0,53.0,44.0,39.0,37.0,969.0
Waltham Forest,Drugs,32.0,29.0,23.0,35.0,36.0,22.0,36.0,43.0,29.0,38.0,23.0,19.0,31.0,16.0,29.0,26.0,29.0,20.0,20.0,25.0,14.0,25.0,22.0,16.0,638.0
Waltham Forest,Fraud or Forgery,1.0,2.0,0.0,0.0,3.0,0.0,0.0,0.0,0.0,1.0,1.0,2.0,2.0,0.0,0.0,1.0,1.0,1.0,3.0,1.0,0.0,0.0,0.0,1.0,20.0
Waltham Forest,Other Notifiable Offences,6.0,8.0,1.0,10.0,9.0,1.0,6.0,5.0,4.0,4.0,2.0,7.0,3.0,4.0,5.0,5.0,2.0,4.0,7.0,7.0,4.0,6.0,5.0,7.0,122.0
Waltham Forest,Robbery,37.0,34.0,22.0,29.0,22.0,19.0,18.0,16.0,21.0,22.0,28.0,33.0,31.0,22.0,24.0,27.0,24.0,19.0,17.0,20.0,30.0,29.0,20.0,24.0,588.0
Waltham Forest,Sexual Offences,13.0,18.0,7.0,17.0,16.0,9.0,7.0,5.0,3.0,8.0,7.0,10.0,10.0,7.0,9.0,7.0,9.0,5.0,9.0,12.0,12.0,9.0,6.0,11.0,226.0
Waltham Forest,Theft and Handling,355.0,385.0,355.0,360.0,363.0,302.0,234.0,223.0,235.0,296.0,262.0,284.0,279.0,281.0,203.0,224.0,218.0,249.0,272.0,279.0,293.0,299.0,308.0,260.0,6819.0
Waltham Forest,Violence Against the Person,143.0,167.0,135.0,149.0,143.0,134.0,109.0,99.0,108.0,135.0,137.0,170.0,151.0,122.0,114.0,85.0,99.0,126.0,122.0,196.0,186.0,188.0,136.0,156.0,3310.0
Wandsworth,Burglary,62.0,74.0,52.0,66.0,85.0,64.0,33.0,40.0,33.0,46.0,41.0,47.0,58.0,43.0,33.0,52.0,46.0,73.0,70.0,59.0,61.0,47.0,71.0,59.0,1315.0
Wandsworth,Criminal Damage,46.0,44.0,47.0,34.0,41.0,68.0,27.0,41.0,48.0,41.0,64.0,68.0,63.0,46.0,30.0,43.0,45.0,39.0,49.0,55.0,49.0,51.0,55.0,50.0,1144.0
Wandsworth,Drugs,12.0,19.0,14.0,44.0,46.0,35.0,24.0,32.0,30.0,23.0,13.0,27.0,21.0,42.0,29.0,30.0,27.0,25.0,14.0,20.0,15.0,21.0,17.0,24.0,604.0
Wandsworth,Fraud or Forgery,0.0,1.0,0.0,1.0,2.0,1.0,1.0,1.0,1.0,1.0,0.0,0.0,1.0,0.0,1.0,0.0,1.0,0.0,0.0,3.0,1.0,0.0,5.0,2.0,23.0
Wandsworth,Other Notifiable Offences,7.0,10.0,9.0,24.0,10.0,13.0,7.0,7.0,8.0,10.0,5.0,12.0,11.0,11.0,10.0,12.0,8.0,13.0,10.0,13.0,12.0,12.0,4.0,3.0,241.0
Wandsworth,Robbery,60.0,32.0,26.0,34.0,15.0,18.0,15.0,15.0,25.0,30.0,43.0,39.0,41.0,35.0,22.0,19.0,16.0,22.0,27.0,16.0,25.0,14.0,22.0,24.0,635.0
Wandsworth,Sexual Offences,21.0,14.0,20.0,12.0,21.0,10.0,6.0,12.0,20.0,10.0,15.0,15.0,26.0,12.0,18.0,10.0,10.0,30.0,16.0,23.0,11.0,23.0,20.0,26.0,401.0
Wandsworth,Theft and Handling,389.0,384.0,354.0,345.0,334.0,261.0,130.0,198.0,233.0,268.0,286.0,333.0,323.0,235.0,251.0,158.0,238.0,242.0,247.0,281.0,346.0,316.0,323.0,353.0,6828.0
Wandsworth,Violence Against the Person,267.0,234.0,222.0,230.0,217.0,189.0,138.0,139.0,157.0,216.0,227.0,246.0,212.0,208.0,184.0,173.0,176.0,189.0,207.0,254.0,211.0,278.0,226.0,273.0,5073.0
Westminster,Burglary,292.0,285.0,215.0,250.0,244.0,193.0,84.0,83.0,100.0,118.0,94.0,141.0,128.0,86.0,112.0,63.0,60.0,83.0,71.0,87.0,97.0,96.0,110.0,89.0,3181.0
Westminster,Criminal Damage,192.0,99.0,103.0,75.0,109.0,85.0,56.0,49.0,143.0,79.0,108.0,141.0,121.0,88.0,109.0,93.0,83.0,69.0,91.0,106.0,121.0,152.0,130.0,131.0,2533.0
Westminster,Drugs,128.0,142.0,122.0,141.0,119.0,81.0,66.0,100.0,102.0,120.0,109.0,81.0,113.0,82.0,100.0,75.0,64.0,96.0,79.0,104.0,104.0,88.0,83.0,86.0,2385.0
Westminster,Fraud or Forgery,8.0,5.0,7.0,9.0,7.0,3.0,2.0,0.0,3.0,3.0,2.0,3.0,2.0,0.0,3.0,3.0,1.0,2.0,3.0,6.0,1.0,2.0,3.0,1.0,79.0
Westminster,Other Notifiable Offences,30.0,27.0,39.0,35.0,26.0,16.0,12.0,7.0,26.0,11.0,26.0,31.0,20.0,22.0,16.0,7.0,15.0,19.0,19.0,28.0,19.0,27.0,22.0,27.0,527.0
Westminster,Robbery,210.0,174.0,273.0,196.0,183.0,127.0,23.0,18.0,45.0,81.0,105.0,121.0,79.0,61.0,73.0,32.0,23.0,31.0,64.0,77.0,102.0,118.0,133.0,139.0,2488.0
Westminster,Sexual Offences,40.0,54.0,62.0,43.0,46.0,41.0,7.0,17.0,18.0,30.0,30.0,34.0,32.0,22.0,20.0,20.0,19.0,33.0,20.0,39.0,44.0,56.0,65.0,76.0,868.0
Westminster,Theft and Handling,2867.0,2820.0,3089.0,2612.0,2897.0,1659.0,251.0,235.0,504.0,1055.0,1341.0,1397.0,1388.0,662.0,1031.0,306.0,290.0,386.0,762.0,1154.0,1264.0,1561.0,1467.0,1579.0,32577.0
Westminster,Violence Against the Person,677.0,648.0,678.0,578.0,599.0,475.0,202.0,233.0,369.0,455.0,461.0,451.0,433.0,321.0,357.0,243.0,203.0,298.0,366.0,444.0,555.0,669.0,639.0,583.0,10937.0
